id,Latitude,Longitude
11,37.017178,72.960368
12,37.038632,73.517578
13,37.058318,74.074990
14,37.076234,74.632587
15,37.092380,75.190354
16,37.106755,75.748270
68,36.546830,72.433315
69,36.570007,72.988117
70,36.591419,73.543136
71,36.611065,74.098356
72,36.628945,74.653759
73,36.645059,75.209329
74,36.659406,75.765047
75,36.671985,76.320898
126,36.098849,72.463016
127,36.121978,73.015647
128,36.143346,73.568494
129,36.162952,74.121538
130,36.180795,74.674764
131,36.196876,75.228155
132,36.211194,75.781692
133,36.223748,76.335360
134,36.234538,76.889141
137,36.256323,78.550993
138,36.260056,79.105056
139,36.262024,79.659147
184,35.650040,72.492485
185,35.673121,73.042963
186,35.694443,73.593653
187,35.714008,74.144540
188,35.731814,74.695605
189,35.747861,75.246833
190,35.762148,75.798207
191,35.774676,76.349709
192,35.785443,76.901324
193,35.794451,77.453033
194,35.801697,78.004820
195,35.807183,78.556669
196,35.810908,79.108562
197,35.812872,79.660482
198,35.813074,80.212413
199,35.811516,80.764337
243,35.223463,73.070066
244,35.244740,73.618617
245,35.264262,74.167362
246,35.282029,74.716284
247,35.298042,75.265366
248,35.312299,75.814593
249,35.324799,76.363947
250,35.335544,76.913411
251,35.344532,77.462969
252,35.351763,78.012605
253,35.357237,78.562300
254,35.360953,79.112040
255,35.362913,79.661807
256,35.363115,80.211584
257,35.361560,80.761355
301,34.773035,73.096958
302,34.794264,73.643387
303,34.813744,74.190007
304,34.831472,74.736802
305,34.847449,75.283756
306,34.861674,75.830852
307,34.874147,76.378073
308,34.884868,76.925404
309,34.893836,77.472828
310,34.901051,78.020328
311,34.906513,78.567888
312,34.910222,79.115492
313,34.912177,79.663121
314,34.912379,80.210762
359,34.321865,73.123643
360,34.343047,73.667966
361,34.362482,74.212477
362,34.380170,74.757161
363,34.396111,75.302003
364,34.410304,75.846984
365,34.422749,76.392091
366,34.433446,76.937305
367,34.442394,77.482611
368,34.449592,78.027992
369,34.455042,78.573433
370,34.458742,79.118916
371,34.460693,79.664426
372,34.460895,80.209946
417,33.869984,73.150123
418,33.891117,73.692355
419,33.910507,74.234774
420,33.928154,74.777364
421,33.944058,75.320109
422,33.958218,75.862993
423,33.970635,76.406000
424,33.981307,76.949114
425,33.990234,77.492318
426,33.997416,78.035597
427,34.002853,78.578935
428,34.006545,79.122314
429,34.008491,79.665720
475,33.417421,73.176399
476,33.438504,73.716557
477,33.457848,74.256900
478,33.475453,74.797411
479,33.491320,75.338076
480,33.505447,75.878879
481,33.517833,76.419802
482,33.528480,76.960832
483,33.537386,77.501951
484,33.544551,78.043144
485,33.549976,78.584394
486,33.553659,79.125686
487,33.555601,79.667004
533,32.964206,73.202475
534,32.985237,73.740575
535,33.004535,74.278856
536,33.022097,74.817306
537,33.037925,75.355906
538,33.052018,75.894643
539,33.064375,76.433499
540,33.074996,76.972460
541,33.083881,77.511510
542,33.091029,78.050632
543,33.096440,78.589812
544,33.100114,79.129033
545,33.102051,79.668279
592,32.531348,73.764409
593,32.550597,74.300646
594,32.568117,74.837048
595,32.583905,75.373600
596,32.597963,75.910287
597,32.610290,76.447092
598,32.620884,76.984000
599,32.629747,77.520996
600,32.636877,78.058064
601,32.642275,78.595188
602,32.645940,79.132353
603,32.647873,79.669544
651,32.096065,74.322271
652,32.113540,74.856641
653,32.129289,75.391160
654,32.143312,75.925812
655,32.155607,76.460581
656,32.166175,76.995452
657,32.175016,77.530410
658,32.182128,78.065439
659,32.187512,78.600524
660,32.191168,79.135649
661,32.193095,79.670799
709,31.640969,74.343731
710,31.658399,74.876086
711,31.674108,75.408587
712,31.688094,75.941220
713,31.700358,76.473968
714,31.710898,77.006818
715,31.719716,77.539753
716,31.726810,78.072758
717,31.732180,78.605819
718,31.735827,79.138919
767,31.185339,74.365031
768,31.202723,74.895385
769,31.218390,75.425883
770,31.232339,75.956512
771,31.244571,76.487255
772,31.255084,77.018098
773,31.263878,77.549025
774,31.270954,78.080022
775,31.276310,78.611074
776,31.279947,79.142165
777,31.281865,79.673281
778,31.282063,80.204406
824,30.710155,73.857961
825,30.729204,74.386171
826,30.746542,74.914539
827,30.762167,75.443049
828,30.776079,75.971689
829,30.788278,76.500442
830,30.798762,77.029293
831,30.807533,77.558228
832,30.814590,78.087232
833,30.819932,78.616290
834,30.823559,79.145387
835,30.825471,79.674508
836,30.825669,80.203638
837,30.824151,80.732762
881,30.232895,73.354842
882,30.253599,73.880912
883,30.272596,74.407152
884,30.289886,74.933549
885,30.305468,75.460087
886,30.319342,75.986752
887,30.331508,76.513530
888,30.341964,77.040404
889,30.350711,77.567362
890,30.357748,78.094388
891,30.363075,78.621467
892,30.366692,79.148584
893,30.368600,79.675726
894,30.368797,80.202876
895,30.367283,80.730021
896,30.364060,81.257145
921,29.728898,94.385759
922,29.681402,94.907233
923,29.632218,95.428298
924,29.581346,95.948940
925,29.528790,96.469144
938,29.753607,72.855642
939,29.775954,73.379576
940,29.796600,73.903692
941,29.815544,74.427978
942,29.832786,74.952418
943,29.848325,75.476998
944,29.862160,76.001704
945,29.874291,76.526520
946,29.884718,77.051433
947,29.893441,77.576428
948,29.900459,78.101490
949,29.905771,78.626605
950,29.909378,79.151758
951,29.911280,79.676934
952,29.911476,80.202120
953,29.909967,80.727300
954,29.906753,81.252459
978,29.319055,93.812542
979,29.273379,94.332505
980,29.226018,94.852078
981,29.176974,95.371245
982,29.126247,95.889994
983,29.073841,96.408310
984,29.019756,96.926180
995,29.272339,72.360327
996,29.296318,72.882129
997,29.318602,73.404126
998,29.339189,73.926304
999,29.358079,74.448649
1000,29.375272,74.971147
1001,29.390766,75.493784
1002,29.404562,76.016544
1003,29.416659,76.539414
1004,29.427057,77.062380
1005,29.435754,77.585426
1006,29.442752,78.108540
1007,29.448049,78.631705
1008,29.451646,79.154908
1009,29.453543,79.678134
1010,29.453739,80.201369
1011,29.452234,80.724599
1035,28.906876,93.243128
1036,28.863014,93.761573
1037,28.817470,94.279644
1038,28.770247,94.797328
1039,28.721345,95.314611
1040,28.670766,95.831480
1041,28.618512,96.347921
1042,28.564585,96.863922
1043,28.508986,97.379468
1052,28.789141,71.868864
1053,28.814740,72.388538
1054,28.838650,72.908420
1055,28.860868,73.428495
1056,28.881396,73.948749
1057,28.900231,74.469168
1058,28.917374,74.989738
1059,28.932824,75.510445
1060,28.946580,76.031275
1061,28.958641,76.552213
1062,28.969009,77.073246
1063,28.977681,77.594358
1064,28.984659,78.115537
1065,28.989941,78.636767
1066,28.993528,79.158034
1067,28.995418,79.679325
1068,28.995614,80.200624
1069,28.994113,80.721918
1092,28.492401,92.677499
1093,28.450346,93.194416
1094,28.406613,93.710977
1095,28.361203,94.227169
1096,28.314119,94.742978
1097,28.265362,95.258391
1098,28.214933,95.773394
1099,28.162834,96.287974
1100,28.109066,96.802117
1101,28.053633,97.315812
1107,28.244599,70.346830
1108,28.275172,70.863902
1109,28.304062,71.381221
1110,28.331269,71.898772
1111,28.356792,72.416542
1112,28.380631,72.934517
1113,28.402784,73.452684
1114,28.423251,73.971028
1115,28.442030,74.489535
1116,28.459123,75.008192
1117,28.474527,75.526984
1118,28.488242,76.045897
1119,28.500269,76.564918
1120,28.510605,77.084031
1121,28.519252,77.603225
1122,28.526209,78.122483
1123,28.531476,78.641792
1124,28.535052,79.161138
1125,28.536937,79.680507
1126,28.537132,80.199885
1127,28.535636,80.719257
1128,28.532449,81.238609
1141,28.337296,87.982009
1142,28.310477,88.499612
1143,28.281974,89.016985
1148,28.114247,91.599926
1149,28.075667,92.115634
1150,28.035412,92.631016
1151,27.993482,93.146060
1152,27.949880,93.660752
1153,27.904607,94.175078
1154,27.857664,94.689025
1155,27.809054,95.202580
1156,27.758776,95.715730
1157,27.706835,96.228462
1158,27.653230,96.740762
1159,27.597964,97.252618
1164,27.754516,69.867241
1165,27.786671,70.382174
1166,27.817151,70.897363
1167,27.845954,71.412797
1168,27.873079,71.928460
1169,27.898526,72.444341
1170,27.922293,72.960424
1171,27.944379,73.476696
1172,27.964784,73.993144
1173,27.983507,74.509753
1174,28.000548,75.026510
1175,28.015906,75.543401
1176,28.029580,76.060412
1177,28.041571,76.577529
1178,28.051877,77.094738
1179,28.060498,77.612026
1180,28.067434,78.129378
1181,28.072684,78.646780
1182,28.076250,79.164219
1183,28.078129,79.681680
1184,28.078324,80.199150
1185,28.076832,80.716615
1186,28.073655,81.234061
1187,28.068792,81.751473
1188,28.062244,82.268837
1189,28.054011,82.786141
1199,27.879088,87.952755
1200,27.852350,88.468470
1201,27.823933,88.983958
1206,27.656714,91.557514
1207,27.618251,92.071354
1208,27.578118,92.584873
1209,27.536316,93.098056
1210,27.492847,93.610891
1211,27.447712,94.123365
1212,27.400913,94.635464
1213,27.352451,95.147175
1214,27.302328,95.658485
1215,27.250546,96.169382
1216,27.197106,96.679852
1217,27.142010,97.189882
1221,27.262677,69.391395
1222,27.296403,69.904193
1223,27.328460,70.417260
1224,27.358846,70.930580
1225,27.387561,71.444143
1226,27.414603,71.957932
1227,27.439971,72.471937
1228,27.463665,72.986141
1229,27.485684,73.500533
1230,27.506027,74.015098
1231,27.524693,74.529823
1232,27.541681,75.044695
1233,27.556992,75.559698
1234,27.570625,76.074820
1235,27.582578,76.590048
1236,27.592853,77.105366
1237,27.601448,77.620762
1238,27.608362,78.136222
1239,27.613597,78.651732
1240,27.617152,79.167277
1241,27.619026,79.682845
1242,27.619219,80.198422
1243,27.617732,80.713993
1244,27.614565,81.229545
1245,27.609717,81.745064
1246,27.603189,82.260536
1247,27.594981,82.775948
1248,27.585093,83.291286
1249,27.573526,83.806535
1250,27.560280,84.321683
1251,27.545356,84.836715
1257,27.420593,87.923715
1258,27.393937,88.437555
1259,27.365607,88.951171
1262,27.270592,90.490536
1263,27.235582,91.003119
1264,27.198904,91.515410
1265,27.160560,92.027396
1266,27.120551,92.539064
1267,27.078878,93.050400
1268,27.035544,93.561392
1269,26.990549,94.072027
1270,26.943895,94.582290
1271,26.895584,95.092171
1272,26.845617,95.601654
1273,26.793997,96.110728
1275,26.685801,97.127598
1279,26.804419,69.429928
1280,26.838040,69.940877
1281,26.869996,70.452091
1282,26.900287,70.963556
1283,26.928912,71.475261
1284,26.955869,71.987190
1285,26.981159,72.499332
1286,27.004779,73.011672
1287,27.026729,73.524197
1288,27.047008,74.036893
1289,27.065616,74.549748
1290,27.082552,75.062747
1291,27.097815,75.575877
1292,27.111405,76.089124
1293,27.123322,76.602476
1294,27.133564,77.115917
1295,27.142133,77.629435
1296,27.149026,78.143016
1297,27.154244,78.656647
1298,27.157788,79.170313
1299,27.159656,79.684002
1300,27.159849,80.197698
1301,27.158367,80.711390
1302,27.155209,81.225062
1303,27.150376,81.738702
1304,27.143869,82.252296
1305,27.135686,82.765830
1306,27.125829,83.279290
1307,27.114298,83.792664
1308,27.101093,84.305936
1309,27.086215,84.819095
1310,27.069665,85.332125
1311,27.051442,85.845014
1312,27.031547,86.357748
1313,27.009982,86.870314
1315,26.961841,87.894886
1316,26.935268,88.406865
1317,26.907027,88.918623
1318,26.877119,89.430144
1319,26.845546,89.941417
1320,26.812309,90.452428
1321,26.777408,90.963164
1322,26.740845,91.473611
1323,26.702622,91.983756
1324,26.662739,92.493587
1325,26.621198,93.003089
1326,26.578000,93.512251
1327,26.533147,94.021059
1328,26.486641,94.529501
1329,26.438482,95.037563
1330,26.388674,95.545232
1337,26.345941,69.468183
1338,26.379454,69.977296
1339,26.411309,70.486670
1340,26.441504,70.996294
1341,26.470038,71.506154
1342,26.496909,72.016236
1343,26.522118,72.526528
1344,26.545664,73.037017
1345,26.567544,73.547688
1346,26.587759,74.058530
1347,26.606308,74.569527
1348,26.623191,75.080668
1349,26.638406,75.591938
1350,26.651953,76.103324
1351,26.663832,76.614813
1352,26.674042,77.126391
1353,26.682583,77.638045
1354,26.689455,78.149762
1355,26.694657,78.661527
1356,26.698189,79.173327
1357,26.700051,79.685150
1358,26.700244,80.196980
1359,26.698766,80.708806
1360,26.695618,81.220612
1361,26.690801,81.732387
1362,26.684313,82.244115
1363,26.676157,82.755785
1364,26.666331,83.267382
1365,26.654836,83.778893
1366,26.641673,84.290304
1367,26.626842,84.801602
1368,26.610344,85.312773
1369,26.592179,85.823805
1370,26.572347,86.334683
1371,26.550850,86.845395
1372,26.527688,87.355927
1373,26.502862,87.866266
1374,26.476373,88.376398
1375,26.448222,88.886310
1376,26.418410,89.395989
1377,26.386937,89.905422
1378,26.353806,90.414596
1379,26.319016,90.923497
1380,26.282570,91.432113
1381,26.244468,91.940431
1382,26.204713,92.448437
1383,26.163305,92.956119
1384,26.120245,93.463464
1385,26.075537,93.970458
1386,26.029180,94.477091
1387,25.981176,94.983347
1388,25.931529,95.489216
1396,25.920677,70.013452
1397,25.952429,70.521000
1398,25.982526,71.028795
1399,26.010968,71.536824
1400,26.037753,72.045073
1401,26.062881,72.553529
1402,26.086350,73.062179
1403,26.108160,73.571011
1404,26.128310,74.080010
1405,26.146800,74.589164
1406,26.163628,75.098459
1407,26.178794,75.607883
1408,26.192298,76.117421
1409,26.204138,76.627061
1410,26.214316,77.136790
1411,26.222829,77.646593
1412,26.229679,78.156458
1413,26.234864,78.666371
1414,26.238385,79.176319
1415,26.240241,79.686289
1416,26.240433,80.196267
1417,26.238960,80.706240
1418,26.235823,81.216194
1419,26.231020,81.726117
1420,26.224554,82.235994
1421,26.216424,82.745813
1422,26.206629,83.255560
1423,26.195172,83.765221
1424,26.182051,84.274784
1425,26.167268,84.784235
1426,26.150822,85.293562
1427,26.132715,85.802749
1428,26.112948,86.311785
1429,26.091520,86.820657
1430,26.068433,87.329350
1431,26.043687,87.837852
1432,26.017283,88.346150
1433,25.989223,88.854230
1434,25.959507,89.362080
1435,25.928136,89.869686
1436,25.895112,90.377036
1437,25.860435,90.884116
1438,25.824107,91.390914
1439,25.786129,91.897417
1440,25.746503,92.403612
1441,25.705230,92.909486
1442,25.662311,93.415026
1443,25.617748,93.920220
1444,25.571542,94.425056
1445,25.523696,94.929520
1446,25.474210,95.433600
1454,25.461739,70.049349
1455,25.493387,70.555084
1456,25.523385,71.061063
1457,25.551733,71.567273
1458,25.578431,72.073702
1459,25.603476,72.580335
1460,25.626868,73.087160
1461,25.648607,73.594165
1462,25.668691,74.101335
1463,25.687120,74.608659
1464,25.703893,75.116122
1465,25.719010,75.623713
1466,25.732469,76.131417
1467,25.744271,76.639221
1468,25.754416,77.147113
1469,25.762901,77.655079
1470,25.769729,78.163106
1471,25.774897,78.671181
1472,25.778407,79.179290
1473,25.780257,79.687421
1474,25.780448,80.195559
1475,25.778980,80.703693
1476,25.775852,81.211808
1477,25.771066,81.719892
1478,25.764621,82.227931
1479,25.756517,82.735912
1480,25.746755,83.243823
1481,25.735334,83.751648
1482,25.722256,84.259377
1483,25.707521,84.766994
1484,25.691130,85.274488
1485,25.673082,85.781845
1486,25.653379,86.289052
1487,25.632021,86.796096
1488,25.609010,87.302964
1489,25.584345,87.809642
1490,25.558028,88.316119
1491,25.530060,88.822381
1492,25.500441,89.328414
1493,25.469174,89.834207
1494,25.436258,90.339746
1495,25.401695,90.845018
1496,25.365487,91.350011
1497,25.327635,91.854712
1498,25.288139,92.359108
1499,25.247002,92.863186
1500,25.204225,93.366935
1501,25.159810,93.870341
1502,25.113758,94.373392
1503,25.066070,94.876076
1513,25.034212,70.588924
1514,25.064110,71.093100
1515,25.092364,71.597505
1516,25.118972,72.102125
1517,25.143934,72.606949
1518,25.167249,73.111962
1519,25.188915,73.617153
1520,25.208933,74.122508
1521,25.227300,74.628014
1522,25.244018,75.133659
1523,25.259084,75.639429
1524,25.272499,76.145312
1525,25.284262,76.651294
1526,25.294372,77.157362
1527,25.302830,77.663504
1528,25.309635,78.169706
1529,25.314786,78.675956
1530,25.318284,79.182239
1531,25.320128,79.688544
1532,25.320318,80.194857
1533,25.318855,80.701164
1534,25.315738,81.207454
1535,25.310967,81.713712
1536,25.304544,82.219926
1537,25.296467,82.726083
1538,25.286737,83.232170
1539,25.275354,83.738173
1540,25.262320,84.244080
1541,25.247634,84.749877
1542,25.231296,85.255551
1543,25.213309,85.761091
1544,25.193671,86.266482
1545,25.172384,86.771711
1546,25.149449,87.276767
1547,25.124867,87.781635
1548,25.098637,88.286304
1549,25.070763,88.790759
1550,25.041243,89.294989
1551,25.010080,89.798981
1552,24.977274,90.302722
1553,24.942827,90.806199
1554,24.906740,91.309399
1555,24.869015,91.812311
1556,24.829652,92.314921
1557,24.788653,92.817217
1558,24.746020,93.319186
1559,24.701754,93.820817
1560,24.655857,94.322096
1561,24.608330,94.823012
1567,24.439382,68.615490
1568,24.475723,69.116846
1569,24.510429,69.618479
1570,24.543500,70.120375
1571,24.574935,70.622522
1572,24.604732,71.124909
1573,24.632890,71.627521
1574,24.659408,72.130346
1575,24.684285,72.633373
1576,24.707521,73.136587
1577,24.729114,73.639977
1578,24.749064,74.143529
1579,24.767370,74.647231
1580,24.784031,75.151070
1581,24.799046,75.655033
1582,24.812416,76.159107
1583,24.824139,76.663280
1584,24.834216,77.167538
1585,24.842645,77.671869
1586,24.849427,78.176259
1587,24.854561,78.680696
1588,24.858047,79.185167
1589,24.859885,79.689659
1590,24.860074,80.194159
1591,24.858616,80.698654
1592,24.855510,81.203131
1593,24.850755,81.707577
1594,24.844353,82.211979
1595,24.836303,82.716324
1596,24.826606,83.220600
1597,24.815262,83.724794
1598,24.802271,84.228892
1599,24.787635,84.732882
1600,24.771353,85.236750
1601,24.753426,85.740485
1602,24.733854,86.244073
1603,24.712639,86.747501
1604,24.689782,87.250757
1605,24.665282,87.753828
1606,24.639142,88.256701
1607,24.611361,88.759363
1612,24.447896,91.269076
1613,24.410299,91.770211
1614,24.371070,92.271048
1615,24.330211,92.771574
1616,24.287723,93.271777
1617,24.243609,93.771644
1618,24.197869,94.271164
1619,24.150505,94.770324
1624,23.942658,68.156630
1625,23.980500,68.655934
1626,24.016715,69.155523
1627,24.051302,69.655386
1628,24.084259,70.155510
1629,24.115585,70.655882
1630,24.145279,71.156491
1631,24.173341,71.657323
1632,24.199768,72.158367
1633,24.224560,72.659609
1634,24.247716,73.161037
1635,24.269235,73.662638
1636,24.289116,74.164401
1637,24.307359,74.666311
1638,24.323963,75.168357
1639,24.338927,75.670526
1640,24.352251,76.172805
1641,24.363934,76.675181
1642,24.373976,77.177641
1643,24.382377,77.680174
1644,24.389135,78.182765
1645,24.394252,78.685403
1646,24.397726,79.188074
1647,24.399557,79.690766
1648,24.399747,80.193466
1649,24.398293,80.696161
1650,24.395197,81.198838
1651,24.390459,81.701485
1652,24.384079,82.204088
1653,24.376056,82.706635
1654,24.366392,83.209114
1655,24.355087,83.711510
1656,24.342141,84.213813
1657,24.327555,84.716008
1658,24.311328,85.218083
1659,24.293463,85.720026
1660,24.273959,86.221824
1661,24.252817,86.723463
1662,24.230037,87.224932
1663,24.205622,87.726218
1664,24.179571,88.227309
1665,24.151886,88.728191
1666,24.122568,89.228852
1670,23.988984,91.229040
1671,23.951517,91.728410
1672,23.912424,92.227486
1673,23.871707,92.726254
1674,23.829366,93.224702
1675,23.785405,93.722819
1676,23.739824,94.220592
1682,23.483872,68.198539
1683,23.521581,68.696091
1684,23.557669,69.193926
1685,23.592134,69.692032
1686,23.624976,70.190396
1687,23.656193,70.689006
1688,23.685783,71.187849
1689,23.713747,71.686914
1690,23.740082,72.186188
1691,23.764787,72.685658
1692,23.787862,73.185313
1693,23.809307,73.685139
1694,23.829119,74.185124
1695,23.847298,74.685256
1696,23.863845,75.185521
1697,23.878757,75.685908
1698,23.892034,76.186404
1699,23.903677,76.686997
1700,23.913684,77.187673
1701,23.922055,77.688420
1702,23.928790,78.189225
1703,23.933889,78.690077
1704,23.937351,79.190961
1705,23.939176,79.691866
1706,23.939365,80.192778
1707,23.937916,80.693686
1708,23.934831,81.194576
1709,23.930109,81.695436
1710,23.923751,82.196253
1711,23.915757,82.697015
1712,23.906126,83.197708
1713,23.894860,83.698321
1714,23.881959,84.198840
1715,23.867423,84.699254
1716,23.851254,85.199549
1717,23.833450,85.699712
1718,23.814014,86.199732
1719,23.792945,86.699596
1720,23.770246,87.199291
1721,23.745916,87.698805
1722,23.719956,88.198125
1723,23.692367,88.697239
1724,23.663152,89.196135
1727,23.565750,90.691387
1728,23.530035,91.189286
1729,23.492700,91.686904
1730,23.453744,92.184231
1731,23.413169,92.681253
1732,23.370978,93.177960
1733,23.327171,93.674337
1740,23.025080,68.240153
1741,23.062654,68.735966
1742,23.098614,69.232059
1743,23.132957,69.728420
1744,23.165682,70.225036
1745,23.196788,70.721896
1746,23.226274,71.218987
1747,23.254138,71.716297
1748,23.280379,72.213813
1749,23.304998,72.711524
1750,23.327991,73.209417
1751,23.349360,73.707480
1752,23.369102,74.205701
1753,23.387217,74.704066
1754,23.403705,75.202564
1755,23.418564,75.701182
1756,23.431795,76.199908
1757,23.443397,76.698729
1758,23.453368,77.197633
1759,23.461710,77.696608
1760,23.468421,78.195640
1761,23.473502,78.694717
1762,23.476952,79.193827
1763,23.478771,79.692957
1764,23.478959,80.192095
1765,23.477515,80.691229
1766,23.474441,81.190344
1767,23.469736,81.689430
1768,23.463400,82.188474
1769,23.455434,82.687463
1770,23.445838,83.186384
1771,23.434611,83.685225
1772,23.421756,84.183974
1773,23.407271,84.682618
1774,23.391158,85.181145
1775,23.373418,85.679542
1776,23.354050,86.177797
1777,23.333056,86.675897
1778,23.310437,87.173831
1779,23.286193,87.671585
1780,23.260325,88.169147
1781,23.232834,88.666506
1782,23.203722,89.163648
1786,23.071079,91.149812
1787,23.033876,91.645691
1788,22.995059,92.141280
1789,22.954629,92.636569
1790,22.912588,93.131545
1791,22.868938,93.626196
1799,22.603750,68.775561
1800,22.639580,69.269924
1801,22.673799,69.764552
1802,22.706406,70.259433
1803,22.737400,70.754555
1804,22.766780,71.249905
1805,22.794544,71.745472
1806,22.820691,72.241244
1807,22.845221,72.737208
1808,22.868132,73.233352
1809,22.889424,73.729664
1810,22.909095,74.226132
1811,22.927145,74.722744
1812,22.943574,75.219487
1813,22.958380,75.716348
1814,22.971564,76.213316
1815,22.983124,76.710379
1816,22.993060,77.207523
1817,23.001372,77.704737
1818,23.008059,78.202008
1819,23.013122,78.699324
1820,23.016559,79.196673
1821,23.018371,79.694041
1822,23.018559,80.191417
1823,23.017120,80.688788
1824,23.014057,81.186143
1825,23.009369,81.683467
1826,23.003056,82.180750
1827,22.995118,82.677978
1828,22.985556,83.175139
1829,22.974370,83.672222
1830,22.961560,84.169213
1831,22.947128,84.666100
1832,22.931073,85.162871
1833,22.913396,85.659514
1834,22.894097,86.156016
1835,22.873179,86.652366
1836,22.850640,87.148550
1837,22.826483,87.644556
1838,22.800709,88.140373
1839,22.773317,88.635988
1840,22.744309,89.131390
1845,22.575075,91.604766
1846,22.536399,92.098631
1847,22.496115,92.592198
1848,22.454227,93.085456
1849,22.410735,93.578392
1857,22.144897,68.814880
1858,22.180596,69.307525
1859,22.214690,69.800432
1860,22.247178,70.293589
1861,22.278059,70.786985
1862,22.307331,71.280607
1863,22.334994,71.774443
1864,22.361046,72.268482
1865,22.385486,72.762711
1866,22.408314,73.257119
1867,22.429528,73.751693
1868,22.449128,74.246421
1869,22.467113,74.741290
1870,22.483482,75.236290
1871,22.498234,75.731408
1872,22.511370,76.226631
1873,22.522888,76.721947
1874,22.532788,77.217344
1875,22.541070,77.712810
1876,22.547733,78.208333
1877,22.552777,78.703900
1878,22.556202,79.199499
1879,22.558008,79.695117
1880,22.558194,80.190744
1881,22.556761,80.686366
1882,22.553709,81.181970
1883,22.549038,81.677546
1884,22.542748,82.173080
1885,22.534839,82.668560
1886,22.525311,83.163974
1887,22.514166,83.659310
1888,22.501403,84.154555
1889,22.487023,84.649698
1890,22.471026,85.144726
1891,22.453413,85.639627
1892,22.434185,86.134389
1893,22.413343,86.628999
1894,22.390886,87.123446
1895,22.366817,87.617717
1896,22.341136,88.111801
1897,22.313844,88.605685
1898,22.284943,89.099358
1905,22.037657,92.548137
1906,21.995923,93.039688
1907,21.952591,93.530921
1915,21.686126,68.853924
1916,21.721692,69.344863
1917,21.755660,69.836061
1918,21.788027,70.327507
1919,21.818794,70.819188
1920,21.847958,71.311094
1921,21.875518,71.803212
1922,21.901474,72.295530
1923,21.925824,72.788036
1924,21.948567,73.280719
1925,21.969703,73.773567
1926,21.989231,74.266567
1927,22.007149,74.759707
1928,22.023458,75.252976
1929,22.038156,75.746362
1930,22.051243,76.239851
1931,22.062719,76.733433
1932,22.072582,77.227096
1933,22.080834,77.720826
1934,22.087472,78.214612
1935,22.092498,78.708443
1936,22.095910,79.202305
1937,22.097709,79.696186
1938,22.097895,80.190075
1939,22.096468,80.683960
1940,22.093427,81.177827
1941,22.088773,81.671666
1942,22.082505,82.165463
1943,22.074626,82.659208
1944,22.065133,83.152887
1945,22.054029,83.646488
1946,22.041313,84.140000
1947,22.026986,84.633411
1948,22.011048,85.126708
1949,21.993500,85.619879
1950,21.974343,86.112912
1951,21.953577,86.605796
1952,21.931204,87.098518
1953,21.907224,87.591066
1954,21.881638,88.083429
1955,21.854447,88.575594
1956,21.825652,89.067549
1957,21.795255,89.559283
1963,21.579285,92.504382
1964,21.537706,92.994238
1974,21.262898,69.381942
1975,21.296737,69.871443
1976,21.328983,70.361189
1977,21.359634,70.851168
1978,21.388689,71.341369
1979,21.416146,71.831780
1980,21.442004,72.322389
1981,21.466263,72.813185
1982,21.488921,73.304155
1983,21.509978,73.795288
1984,21.529433,74.286572
1985,21.547284,74.777995
1986,21.563532,75.269546
1987,21.578175,75.761211
1988,21.591213,76.252980
1989,21.602646,76.744840
1990,21.612473,77.236779
1991,21.620693,77.728786
1992,21.627307,78.220848
1993,21.632314,78.712954
1994,21.635714,79.205091
1995,21.637506,79.697247
1996,21.637691,80.189411
1997,21.636269,80.681570
1998,21.633239,81.173713
1999,21.628603,81.665827
2000,21.622359,82.157900
2001,21.614508,82.649921
2002,21.605051,83.141877
2003,21.593989,83.633756
2004,21.581320,84.125547
2005,21.567046,84.617237
2006,21.551168,85.108815
2007,21.533686,85.600269
2008,21.514600,86.091586
2009,21.493913,86.582755
2010,21.471623,87.073763
2011,21.447733,87.564600
2012,21.422242,88.055254
2013,21.395153,88.545711
2014,21.366467,89.035962
2033,20.837952,69.906579
2034,20.870075,70.394637
2035,20.900609,70.882926
2036,20.929553,71.371434
2037,20.956906,71.860150
2038,20.982666,72.349062
2039,21.006833,72.838159
2040,21.029405,73.327428
2041,21.050382,73.816859
2042,21.069763,74.306439
2043,21.087547,74.796157
2044,21.103733,75.286000
2045,21.118321,75.775957
2046,21.131310,76.266017
2047,21.142699,76.756167
2048,21.152489,77.246396
2049,21.160678,77.736691
2050,21.167267,78.227041
2051,21.172255,78.717434
2052,21.175641,79.207858
2053,21.177427,79.698301
2054,21.177611,80.188752
2055,21.176195,80.679198
2056,21.173176,81.169628
2057,21.168557,81.660029
2058,21.162337,82.150390
2059,21.154516,82.640699
2060,21.145095,83.130944
2061,21.134074,83.621113
2062,21.121454,84.111194
2063,21.107234,84.601176
2064,21.091416,85.091047
2065,21.074000,85.580795
2066,21.054987,86.070407
2067,21.034378,86.559873
2068,21.012173,87.049181
2092,20.411332,70.427854
2093,20.441749,70.914464
2094,20.470581,71.401291
2096,20.523489,72.375551
2097,20.547563,72.862960
2098,20.570048,73.350541
2099,20.590945,73.838280
2100,20.610251,74.326168
2101,20.627966,74.814192
2102,20.644090,75.302340
2103,20.658622,75.790601
2104,20.671561,76.278964
2105,20.682907,76.767416
2106,20.692659,77.255945
2107,20.700817,77.744541
2108,20.707380,78.233190
2109,20.712349,78.721883
2110,20.715723,79.210606
2111,20.717502,79.699348
2112,20.717685,80.188097
2113,20.716274,80.676842
2114,20.713268,81.165570
2115,20.708666,81.654271
2116,20.702470,82.142931
2117,20.694679,82.631541
2118,20.685294,83.120086
2119,20.674315,83.608557
2120,20.661743,84.096941
2121,20.647578,84.585227
2122,20.631821,85.073402
2123,20.614472,85.561456
2124,20.595532,86.049376
2125,20.575002,86.537151
2126,20.552882,87.024769
2127,20.529174,87.512218
2154,20.064502,72.401857
2155,20.088482,72.887590
2156,20.110880,73.373493
2157,20.131695,73.859554
2158,20.150926,74.345761
2159,20.168572,74.832103
2160,20.184633,75.318568
2161,20.199109,75.805144
2162,20.211997,76.291821
2163,20.223299,76.778586
2164,20.233013,77.265429
2165,20.241139,77.752336
2166,20.247677,78.239298
2167,20.252627,78.726301
2168,20.255988,79.213335
2169,20.257760,79.700387
2170,20.257942,80.187447
2171,20.256537,80.674502
2172,20.253542,81.161541
2173,20.248958,81.648553
2174,20.242786,82.135525
2175,20.235025,82.622446
2176,20.225677,83.109304
2177,20.214741,83.596088
2178,20.202218,84.082786
2179,20.188108,84.569387
2180,20.172412,85.055879
2181,20.155130,85.542250
2182,20.136264,86.028489
2183,20.115814,86.514584
2184,20.093780,87.000525
2212,19.605734,72.427982
2213,19.629619,72.912051
2214,19.651928,73.396288
2215,19.672661,73.880681
2216,19.691816,74.365219
2217,19.709393,74.849890
2218,19.725391,75.334683
2219,19.739809,75.819587
2220,19.752647,76.304590
2221,19.763904,76.789680
2222,19.773580,77.274847
2223,19.781675,77.760078
2224,19.788187,78.245363
2225,19.793117,78.730689
2226,19.796464,79.216045
2227,19.798229,79.701419
2228,19.798411,80.186801
2229,19.797011,80.672179
2230,19.794028,81.157540
2231,19.789462,81.642874
2232,19.783314,82.128169
2233,19.775585,82.613413
2234,19.766273,83.098596
2235,19.755380,83.583705
2236,19.742906,84.068729
2237,19.728852,84.553656
2238,19.713217,85.038476
2239,19.696004,85.523177
2240,19.677212,86.007746
2241,19.656843,86.492174
2270,19.147213,72.453928
2271,19.171003,72.936344
2272,19.193223,73.418927
2273,19.213873,73.901663
2274,19.232952,74.384544
2275,19.250458,74.867556
2276,19.266392,75.350689
2277,19.280753,75.833931
2278,19.293540,76.317271
2279,19.304752,76.800698
2280,19.314389,77.284201
2281,19.322451,77.767767
2282,19.328937,78.251386
2283,19.333848,78.735046
2284,19.337182,79.218736
2285,19.338940,79.702444
2286,19.339121,80.186160
2287,19.337726,80.669871
2288,19.334755,81.153566
2289,19.330208,81.637234
2290,19.324084,82.120864
2291,19.316385,82.604443
2292,19.307111,83.087961
2293,19.296261,83.571407
2294,19.283837,84.054768
2295,19.269839,84.538034
2296,19.254267,85.021193
2297,19.237123,85.504234
2328,18.688969,72.479697
2329,18.712662,72.960472
2330,18.734792,73.441411
2331,18.755359,73.922503
2332,18.774360,74.403736
2333,18.791796,74.885101
2334,18.807665,75.366584
2335,18.821968,75.848176
2336,18.834703,76.329866
2337,18.845870,76.811641
2338,18.855468,77.293490
2339,18.863498,77.775403
2340,18.869958,78.257368
2341,18.874848,78.739374
2342,18.878169,79.221409
2343,18.879920,79.703463
2344,18.880100,80.185523
2345,18.878711,80.667579
2346,18.875752,81.149619
2347,18.871223,81.631633
2348,18.865124,82.113608
2349,18.857456,82.595534
2350,18.848219,83.077399
2351,18.837414,83.559193
2352,18.825040,84.040902
2353,18.811098,84.522518
2354,18.795589,85.004028
2386,18.231029,72.505291
2387,18.254625,72.984435
2388,18.276665,73.463742
2389,18.297146,73.943200
2390,18.316070,74.422798
2391,18.333435,74.902526
2392,18.349239,75.382372
2393,18.363483,75.862325
2394,18.376166,76.342374
2395,18.387287,76.822508
2396,18.396846,77.302716
2397,18.404843,77.782987
2398,18.411277,78.263309
2399,18.416147,78.743672
2400,18.419454,79.224064
2401,18.421198,79.704474
2402,18.421378,80.184890
2403,18.419994,80.665303
2404,18.417047,81.145700
2405,18.412537,81.626070
2406,18.406463,82.106403
2407,18.398826,82.586686
2408,18.389627,83.066910
2409,18.378866,83.547062
2410,18.366542,84.027132
2411,18.352658,84.507108
2445,17.796920,73.008236
2446,17.818868,73.485921
2447,17.839265,73.963757
2448,17.858110,74.441731
2449,17.875403,74.919833
2450,17.891142,75.398052
2451,17.905327,75.876378
2452,17.917957,76.354798
2453,17.929032,76.833302
2454,17.938552,77.311880
2455,17.946515,77.790520
2456,17.952922,78.269210
2457,17.957773,78.747941
2458,17.961066,79.226700
2459,17.962802,79.705478
2460,17.962982,80.184262
2461,17.961604,80.663042
2462,17.958669,81.141807
2463,17.954177,81.620545
2464,17.948129,82.099246
2465,17.940524,82.577898
2466,17.931362,83.056491
2467,17.920645,83.535013
2468,17.908373,84.013454
2503,17.339575,73.031876
2504,17.361431,73.507951
2505,17.381742,73.984174
2506,17.400508,74.460535
2507,17.417728,74.937023
2508,17.433401,75.413626
2509,17.447527,75.890335
2510,17.460104,76.367138
2511,17.471133,76.844023
2512,17.480612,77.320982
2513,17.488543,77.798001
2514,17.494923,78.275071
2515,17.499753,78.752181
2516,17.503032,79.229319
2517,17.504762,79.706475
2518,17.504940,80.183638
2519,17.503568,80.660797
2520,17.500645,81.137940
2521,17.496172,81.615057
2522,17.490149,82.092137
2523,17.482576,82.569170
2524,17.473453,83.046143
2525,17.462781,83.523046
2561,16.882618,73.055357
2562,16.904381,73.529833
2563,16.924606,74.004455
2564,16.943292,74.479213
2565,16.960439,74.954097
2566,16.976046,75.429096
2567,16.990111,75.904198
2568,17.002635,76.379394
2569,17.013617,76.854672
2570,17.023057,77.330022
2571,17.030953,77.805432
2572,17.037306,78.280893
2573,17.042116,78.756393
2574,17.045381,79.231921
2575,17.047103,79.707466
2576,17.047281,80.183018
2577,17.045915,80.658566
2578,17.043005,81.134099
2579,17.038551,81.609606
2580,17.032553,82.085077
2581,17.025012,82.560500
2582,17.015928,83.035865
2619,16.426076,73.078681
2620,16.447746,73.551567
2621,16.467884,74.024599
2622,16.486490,74.497766
2623,16.503563,74.971056
2624,16.519102,75.444461
2625,16.533108,75.917968
2626,16.545578,76.391568
2627,16.556513,76.865249
2628,16.565912,77.339001
2629,16.573774,77.812813
2630,16.580100,78.286675
2631,16.584889,78.760576
2632,16.588141,79.234504
2633,16.589855,79.708450
2634,16.590032,80.182403
2635,16.588672,80.656351
2636,16.585774,81.130284
2637,16.581339,81.604192
2638,16.575367,82.078064
2639,16.567859,82.551889
2677,15.969978,73.101848
2678,15.991553,73.573156
2679,16.011603,74.044608
2680,16.030129,74.516194
2681,16.047128,74.987902
2682,16.062600,75.459723
2683,16.076544,75.931646
2684,16.088960,76.403660
2685,16.099848,76.875755
2686,16.109206,77.347920
2687,16.117034,77.820145
2688,16.123333,78.292419
2689,16.128101,78.764731
2690,16.131338,79.237071
2691,16.133045,79.709428
2692,16.133222,80.181791
2693,16.131867,80.654150
2694,16.128982,81.126495
2695,16.124566,81.598815
2696,16.118620,82.071098
2736,15.535829,73.594601
2737,15.555792,74.064484
2738,15.574236,74.534499
2739,15.591160,75.004636
2740,15.606564,75.474884
2741,15.620447,75.945233
2742,15.632809,76.415672
2743,15.643648,76.886191
2744,15.652965,77.356780
2745,15.660760,77.827428
2746,15.667030,78.298124
2747,15.671778,78.768858
2748,15.675001,79.239620
2749,15.676701,79.710398
2750,15.676876,80.181184
2751,15.675527,80.651965
2752,15.672655,81.122731
2794,15.080603,73.615903
2795,15.100476,74.084227
2796,15.118838,74.552682
2797,15.135687,75.021258
2798,15.151023,75.489943
2799,15.164844,75.958729
2800,15.177151,76.427603
2801,15.187943,76.896558
2802,15.197218,77.365580
2803,15.204978,77.834662
2804,15.211221,78.303791
2805,15.215947,78.772958
2806,15.219156,79.242152
2807,15.220848,79.711363
2808,15.221023,80.180580
2852,14.625899,73.637065
2853,14.645683,74.103840
2854,14.663963,74.570745
2855,14.680736,75.037769
2856,14.696003,75.504903
2857,14.709762,75.972135
2858,14.722014,76.439456
2859,14.732757,76.906855
2860,14.741991,77.374323
2861,14.749716,77.841848
2862,14.755931,78.309421
2863,14.760636,78.777030
2864,14.763831,79.244667
2865,14.765515,79.712321
2866,14.765689,80.179981
2911,14.191440,74.123324
2912,14.209636,74.588689
2913,14.226333,75.054172
2914,14.241531,75.519764
2915,14.255228,75.985453
2916,14.267424,76.451230
2917,14.278118,76.917085
2918,14.287310,77.383007
2919,14.295000,77.848986
2920,14.301187,78.315013
2921,14.305871,78.781076
2922,14.309051,79.247166
2923,14.310728,79.713273
2924,14.310901,80.179385
2951,13.748807,92.729693
2952,13.707126,93.191872
2954,13.619337,94.115368
2955,13.573234,94.576665
2969,13.737772,74.142678
2970,13.755885,74.606514
2971,13.772505,75.070467
2972,13.787633,75.534527
2973,13.801267,75.998683
2974,13.813407,76.462927
2975,13.824053,76.927247
2976,13.833203,77.391634
2977,13.840857,77.856078
2978,13.847016,78.320568
2979,13.851678,78.785095
2980,13.854844,79.249648
2981,13.856513,79.714218
2982,13.856685,80.178794
2983,13.855361,80.643366
3009,13.297178,92.687946
3010,13.255689,93.148627
3012,13.168307,94.069135
3013,13.122417,94.528942
3028,13.302734,74.624223
3029,13.319278,75.086655
3030,13.334335,75.549193
3031,13.347907,76.011826
3032,13.359990,76.474546
3033,13.370586,76.937342
3034,13.379694,77.400205
3035,13.387313,77.863123
3036,13.393443,78.326087
3037,13.398084,78.789088
3038,13.401235,79.252114
3039,13.402896,79.715157
3040,13.403068,80.178206
3041,13.401749,80.641251
3067,12.846162,92.646471
3068,12.804867,93.105663
3070,12.717893,94.023202
3080,12.720403,71.879040
3086,12.850211,74.641815
3087,12.866677,75.102736
3088,12.881664,75.563763
3089,12.895172,76.024884
3090,12.907199,76.486090
3091,12.917745,76.947372
3092,12.926810,77.408719
3093,12.934394,77.870122
3094,12.940495,78.331570
3095,12.945114,78.793054
3096,12.948250,79.254564
3097,12.949904,79.716090
3098,12.950074,80.177623
3099,12.948762,80.639151
3125,12.395784,92.605265
3126,12.354684,93.062979
3127,12.312129,93.520416
3128,12.268120,93.977567
3137,12.242480,71.447075
3138,12.269147,71.905496
3139,12.294348,72.364090
3144,12.398340,74.659293
3145,12.414728,75.118713
3146,12.429644,75.578237
3147,12.443088,76.037856
3148,12.455058,76.497558
3149,12.465555,76.957336
3150,12.474577,77.417178
3151,12.482125,77.877075
3152,12.488197,78.337017
3153,12.492794,78.796995
3154,12.495916,79.256998
3155,12.497561,79.717017
3156,12.497731,80.177043
3157,12.496425,80.637064
3182,11.985524,92.107819
3183,11.946070,92.564327
3184,11.905166,93.020570
3185,11.862814,93.476540
3195,11.792033,71.474841
3196,11.818572,71.931782
3197,11.843652,72.388892
3198,11.867274,72.846162
3203,11.963456,75.134586
3204,11.978301,75.592618
3205,11.991681,76.050743
3206,12.003594,76.508952
3207,12.014041,76.967235
3208,12.023020,77.425581
3209,12.030531,77.883982
3210,12.036575,78.342428
3211,12.041150,78.800910
3212,12.044257,79.259416
3213,12.045894,79.717938
3214,12.046064,80.176466
3240,11.536310,92.068608
3241,11.497045,92.523653
3242,11.456338,92.978436
3254,11.368702,71.957897
3255,11.393662,72.413533
3256,11.417169,72.869329
3257,11.439223,73.325273
3258,11.459823,73.781358
3259,11.478968,74.237573
3261,11.512887,75.150357
3262,11.527661,75.606906
3263,11.540976,76.063547
3264,11.552831,76.520272
3265,11.563228,76.977069
3266,11.572163,77.433930
3267,11.579639,77.890845
3268,11.585653,78.347805
3269,11.590206,78.804799
3270,11.593298,79.261818
3271,11.594928,79.718853
3272,11.595096,80.175894
3298,11.087807,92.029650
3299,11.048733,92.483241
3300,11.008223,92.936572
3312,10.919563,71.983844
3313,10.944401,72.438016
3314,10.967794,72.892345
3315,10.989740,73.346823
3316,11.010240,73.801439
3317,11.029291,74.256184
3320,11.077747,75.621101
3321,11.090997,76.076269
3322,11.102795,76.531518
3323,11.113140,76.986841
3324,11.122033,77.442226
3325,11.129472,77.897664
3326,11.135457,78.353147
3327,11.139988,78.808663
3328,11.143064,79.264205
3329,11.144686,79.719762
3330,11.144854,80.175325
3356,10.640042,91.990941
3357,10.601159,92.443088
3358,10.560848,92.894977
3370,10.471179,72.009624
3371,10.495894,72.462341
3372,10.519172,72.915214
3373,10.541010,73.368234
3374,10.561409,73.821391
3378,10.628584,75.635205
3379,10.641769,76.088908
3380,10.653509,76.542693
3381,10.663804,76.996549
3382,10.672652,77.450467
3383,10.680055,77.904439
3384,10.686011,78.358454
3385,10.690519,78.812503
3386,10.693581,79.266577
3387,10.695195,79.720665
3388,10.695361,80.174760
3415,10.154347,92.403192
3428,10.023573,72.035239
3429,10.048166,72.486511
3431,10.093058,73.389508
3432,10.113355,73.841215
3437,10.193316,76.101467
3438,10.204998,76.553795
3439,10.215242,77.006195
3440,10.224046,77.458656
3441,10.231412,77.911170
3442,10.237338,78.363727
3443,10.241825,78.816318
3444,10.244871,79.268933
3445,10.246477,79.721563
3446,10.246643,80.174199
3474,9.668408,92.812582
3490,9.666102,73.860912
3495,9.745662,76.113945
3496,9.757286,76.564827
3497,9.767478,77.015779
3498,9.776239,77.466793
3499,9.783568,77.917858
3500,9.789464,78.368966
3501,9.793928,78.820108
3502,9.796959,79.271274
3531,9.263101,92.324160
3532,9.223391,92.771777
3533,9.182276,93.219136
3553,9.298831,76.126343
3554,9.310396,76.575788
3555,9.320537,77.025302
3556,9.329253,77.474877
3557,9.336545,77.924503
3558,9.342412,78.374172
3559,9.346853,78.823874
3560,9.349869,79.273600
3561,9.351459,79.723340
3590,8.779207,92.731231
3591,8.738301,93.177186
3592,8.695999,93.622876
3604,8.732698,73.005238
3611,8.852846,76.138662
3612,8.864352,76.586679
3613,8.874441,77.034764
3614,8.883113,77.482910
3615,8.890368,77.931107
3616,8.896204,78.379345
3617,8.900623,78.827616
3618,8.903624,79.275911
3619,8.905205,79.724221
3648,8.335879,92.690940
3649,8.295182,93.135500
3650,8.253097,93.579798
3651,8.209626,94.023825
3661,8.265505,72.581659
3662,8.288200,73.027388
3663,8.309492,73.473256
3670,8.419176,76.597501
3671,8.429213,77.044167
3672,8.437841,77.490892
3673,8.445058,77.937668
3674,8.450865,78.384485
3707,7.852943,93.094076
3708,7.811076,93.536990
3709,7.767829,93.979636
3720,7.844595,73.049398
3729,7.984877,77.053510
3730,7.993460,77.498824
3731,8.000640,77.944188
3766,7.369956,93.494451
3767,7.326935,93.935723
3824,6.929759,93.452177
3825,6.886966,93.892085
3826,6.842809,94.331721
